sigma_mhz,adam_fidelity_raw,adam_fidelity_ewma,adam_variance_raw,adam_variance_ewma,nominal_fidelity_raw,nominal_fidelity_ewma,nominal_variance_raw,nominal_variance_ewma,noise_fidelity_raw,noise_fidelity_ewma,noise_variance_raw,noise_variance_ewma
0.1,0.9749292525319736,0.9749292525319736,1.172927207109294e-06,1.172927207109294e-06,0.995049095082678,0.995049095082678,1.8572218153796984e-06,1.8572218153796984e-06,0.9986827176040952,0.9986827176040952,1.787232443368738e-07,1.787232443368738e-07
0.11,0.9748101179552286,0.9748684938978336,1.0750832353209875e-06,1.1233936963914638e-06,0.9948872005816928,0.9949665288871755,1.4421914652240089e-06,1.6471127006133808e-06,0.998685075886362,0.9986839203280512,1.754320311858878e-07,1.7705706767918715e-07
0.12,0.9745140637459068,0.9747455939078108,1.109794902563897e-06,1.1187469755799088e-06,0.9946449601601955,0.9948550237200146,2.407179803645476e-06,1.9068283541206762e-06,0.9986003199038892,0.9986549315661202,2.2041494408264282e-07,1.9187249536957165e-07
0.13,0.9750137291540544,0.9748167022815603,1.7193324339548569e-06,1.2745701558370175e-06,0.994862917326186,0.9948571170721782,4.246000895376351e-06,2.51373166732245e-06,0.9985140271406108,0.9986175642871352,3.5742549585743764e-07,2.3482557503108548e-07
0.14,0.9749020192475172,0.9748351574823582,2.320179565525625e-06,1.4942771629936344e-06,0.9944991127795326,0.994779675955594,3.3720281504653213e-06,2.694079844966078e-06,0.9984942984226916,0.9985909002320518,3.646044840991042e-07,2.620951610152788e-07
0.15,0.9749432467944515,0.9748550208837303,1.438818571634218e-06,1.4844468669576899e-06,0.9944838745893948,0.9947253170078916,4.288144437873324e-06,2.976635287947679e-06,0.998331566555177,0.9985432428937513,3.492657932846712e-07,2.775465653846233e-07
0.16,0.9748068319334836,0.9748472837068279,2.34257997261627e-06,1.6164206348862465e-06,0.9942749499995488,0.9946530064637366,3.779994692911422e-06,3.100185314132184e-06,0.9983413029815456,0.9985108195930482,3.673235412647726e-07,2.913535210911526e-07
0.17,0.9747147107262214,0.9748283012935043,4.023668761024655e-06,1.9443054236789063e-06,0.9942487590989176,0.9945951244539266,4.133827655521313e-06,3.2409749556791056e-06,0.998309857162784,0.9984820448616033,4.027811188264837e-07,3.0653077430091246e-07
0.18,0.9738844150515203,0.9747058793685008,3.053535419996837e-06,2.0802326071799244e-06,0.9943166714749672,0.9945590091381279,5.507962565558225e-06,3.518775990509986e-06,0.9981736483648564,0.998442045875373,4.330270421024467e-07,3.2203187097403637e-07
0.19,0.9741073918370038,0.9746346965330444,4.428162859317641e-06,2.342308257501111e-06,0.9944382712949332,0.9945446488355766,5.186796299101126e-06,3.7049601868782384e-06,0.997963801280572,0.9983851644793403,6.767983056464529e-07,3.61630851392748e-07
0.2,0.9748862259752712,0.9746624040098035,2.96864918012867e-06,2.406629035726423e-06,0.9939207244848216,0.9944759198259824,6.473067280629145e-06,3.989225187054409e-06,0.997889454687469,0.9983305590724505,7.351368303009552e-07,3.999872709835345e-07
0.21,0.974137079902185,0.9746083696245441,5.297298744465643e-06,2.682000912235307e-06,0.9934105318856666,0.9943663349400369,6.5935830571022205e-06,4.2373223361709505e-06,0.9979017948772888,0.9982864567566212,1.096468459114004e-06,4.663356784646074e-07
0.22,0.9734523761805935,0.9744965798234231,5.164063965024369e-06,2.902861623594656e-06,0.9936603657411368,0.994298064521415,9.26800892591773e-06,4.684966491539568e-06,0.9976447280547924,0.9982243986849888,1.3081553462095223e-06,5.412430787603054e-07
0.23,0.9732457721140726,0.9743821968010034,5.893440906490151e-06,3.152896413986022e-06,0.9935573648372936,0.9942303295147136,9.226448775579586e-06,5.0646683698514594e-06,0.9975359629000234,0.9981614430721977,9.260997164135188e-07,5.734199714702619e-07
0.24,0.9741534954207404,0.97436232082576,5.686589669257729e-06,3.352945972358188e-06,0.992991763317951,0.994122688227041,1.180344239823367e-05,5.596733080345831e-06,0.9975609946694076,0.9981092593137307,9.465133577348732e-07,6.028778259277887e-07
0.25,0.9741078887094418,0.9743412152190132,8.247936290398229e-06,3.719540413719934e-06,0.9931409054658826,0.9940412475615792,1.1502071397066693e-05,6.038994261801489e-06,0.9974731182724142,0.9980564902574975,1.5051527755443992e-06,6.704507851408805e-07
0.26,0.974153720283946,0.9743263138992713,9.156868916599195e-06,4.1072865065736975e-06,0.9929119340895408,0.9939514944110226,1.2377662738456555e-05,6.491016598582654e-06,0.997412065069642,0.9980052740165334,1.1977177481488072e-06,7.080511811237482e-07
0.27,0.9744115418201268,0.9743328253104169,9.275947349002805e-06,4.459455121646539e-06,0.992890711141164,0.993870450594194,1.4373922774603588e-05,7.028121321718978e-06,0.9973541614461188,0.9979555290314918,1.5791659599254162e-06,7.674049082442709e-07
0.28,0.9737134499574422,0.974287201535717,1.353424779254812e-05,5.052025823018763e-06,0.9923442004425672,0.9937580255635257,1.401425915887519e-05,7.484305914378703e-06,0.9970271366972924,0.9978871427734899,1.3543415274845853e-06,8.057310118520707e-07
0.29,0.9734167728846608,0.9742252199106742,1.0463912986412662e-05,5.3916240215286154e-06,0.9929180230215704,0.9936982105258115,1.475863117049586e-05,7.940772887500682e-06,0.9967238122496276,0.9978043041442198,2.1756178885588127e-06,8.91691990240274e-07
0.3,0.9732897340567508,0.9741606707686494,1.0790106965313748e-05,5.717961019230323e-06,0.9920687292120576,0.9935857752385144,1.3773645924109713e-05,8.293368662010552e-06,0.9964430612462846,0.9977103774848475,1.716967145502647e-06,9.415796752159539e-07
0.31,0.9733099308428816,0.9741036670072392,8.804391056423931e-06,5.898093716506706e-06,0.991854474681717,0.9934697695816972,1.6444524430926467e-05,8.769092931435381e-06,0.996284477205544,0.9976148351494586,3.249506822052376e-06,1.076276764431378e-06
0.32,0.9732159674043191,0.9740457949847943,1.13425326081628e-05,6.205495742349682e-06,0.9918270763091016,0.9933626770679356,1.825716592621872e-05,9.304805227593641e-06,0.9960264591067683,0.9975112837524643,3.4068934524836053e-06,1.2078672378718419e-06
0.33,0.9731437973162,0.9739884797355343,1.905116576349989e-05,6.908450441674974e-06,0.9917214144373026,0.9932583870236802,2.143353959694981e-05,9.968526995922524e-06,0.9960052879099188,0.9974155889074492,2.1884811624093727e-06,1.2615294575413887e-06
0.34,0.9730621039496206,0.9739310134145301,1.3335060697270896e-05,7.249880645547238e-06,0.9913816493886868,0.9931419664425154,2.4118467559467955e-05,1.0720278992581257e-05,0.9963306755367743,0.9973482879471164,4.194018397460211e-06,1.4173254770273718e-06
0.35,0.9733018861099836,0.9738928570968488,2.067856764174188e-05,7.943587785646912e-06,0.9903269388167372,0.9929712361505783,2.276828455717625e-05,1.1342662065959059e-05,0.9956930904712264,0.9972479008867251,4.642982713954809e-06,1.5839584067698586e-06
0.36,0.9726359182351518,0.9738182239414495,1.811151303551206e-05,8.455055669234892e-06,0.9904906231002976,0.992823944993539,2.333643983096536e-05,1.1945974145753677e-05,0.9954621498620868,0.9971418684950253,5.623635440123942e-06,1.787162601515093e-06
0.37,0.97273788901639,0.9737553447062839,2.43779491340846e-05,9.236009674563148e-06,0.9898095332124414,0.9926484957852673,3.745574503930586e-05,1.3197126004447206e-05,0.9952673982050304,0.9970327678305537,5.411073799547178e-06,1.964900898345668e-06
0.38,0.9710166273026024,0.9735989121720708,2.262176924556333e-05,9.8769183549015e-06,0.9909714940412124,0.9925527072850189,2.842322220152877e-05,1.3926149797876003e-05,0.9954084800565458,0.9969399902944568,3.868293463755667e-06,2.0560351228020542e-06
0.39,0.9724843169867026,0.9735363674689804,2.4677791293236235e-05,1.056952204397901e-05,0.9901527166412016,0.9924180335449854,2.642491388224672e-05,1.4511026794645806e-05,0.994882047506444,0.9968245103225866,5.206994227000519e-06,2.2034835813350526e-06
0.4,0.9719956101276968,0.9734513457321247,2.1704348249297435e-05,1.107930588817213e-05,0.9897543483251192,0.9922710466459054,2.307865614680338e-05,1.4903277104280503e-05,0.9949351553312032,0.9967202523459406,5.989167865006291e-06,2.3768029175730637e-06
0.41,0.971650896975398,0.9733535550947527,1.889321795274405e-05,1.1429659416825313e-05,0.9895337605324674,0.9921223720709129,1.987134479112741e-05,1.512603108849366e-05,0.9946550281389414,0.9966080805383489,7.328265229499034e-06,2.5988123641397668e-06
0.42,0.9718425826589492,0.9732727079486169,2.619357900065015e-05,1.2078558866731947e-05,0.9898372787808708,0.9920001042738464,2.855066393426986e-05,1.5716066601716492e-05,0.9947374637000193,0.9965079900077021,6.104115419475317e-06,2.752876412744806e-06
0.43,0.9706960012978186,0.9731367794394088,2.592328813226962e-05,1.2675559886933626e-05,0.9897228268095954,0.991879971494792,2.701943991697485e-05,1.6203481362345082e-05,0.993606500572068,0.9963549282948577,1.1629582702109368e-05,3.1356504352005996e-06
0.44,0.9709673343612708,0.9730238636757794,2.029743860018157e-05,1.2998276655854758e-05,0.9883852888593712,0.9916980794697773,4.34264194179574e-05,1.7356123504836435e-05,0.99343800071019,0.9962031073942074,1.251688091863154e-05,3.5328596409644044e-06
0.45,0.9717716642292828,0.9729595146792857,1.932123630240391e-05,1.3261352935865136e-05,0.9890144249120651,0.9915601697476415,3.197840509039009e-05,1.7964505601168672e-05,0.9934194041265884,0.9960600562913585,1.2798478933243687e-05,3.91836971720466e-06
0.46,0.9708231373086292,0.9728510492214817,3.153858006719968e-05,1.4009155367099814e-05,0.987564838341246,0.9913573238197522,3.905710297040398e-05,1.8827497316510812e-05,0.9933364492963436,0.9959217767515874,1.041238645345807e-05,4.184068746327268e-06
0.47,0.9709503106509684,0.9727556496665718,3.726821792127593e-05,1.494559485223965e-05,0.9884516365004504,0.9912114851014405,3.893478610169452e-05,1.9637042375074432e-05,0.993396023311275,0.9957950072117062,1.0322639585815806e-05,4.431215427455779e-06
0.48,0.9717549613609188,0.9727059695818197,3.716597899499788e-05,1.5826500199461526e-05,0.9867129631505784,0.9909881518711866,5.158276631586293e-05,2.0903499285068306e-05,0.9925973141553392,0.995636254819823,1.7303925478689497e-05,4.941541398623305e-06
0.49,0.9720274554118168,0.9726726318463832,3.765396344312781e-05,1.6679080241864667e-05,0.9873207019224836,0.9908079574382309,4.470800670668393e-05,2.1833302612204642e-05,0.9919240100195648,0.9954538594617043,1.7588883071620766e-05,5.435546175059253e-06
0.5,0.9696017598397132,0.9725232310603428,2.372418037051074e-05,1.695036366992585e-05,0.9877098217624134,0.990657230249269,4.553267580104392e-05,2.2745886831615186e-05,0.992501315426188,0.9953102154417756,1.12051503724719e-05,5.657714487311628e-06
0.51,0.970260458569041,0.9724141740488331,3.992622589060442e-05,1.782303169162914e-05,0.9863308468073586,0.9904487150535821,5.104942117902e-05,2.3820910223073846e-05,0.9911282184479844,0.9951086591226856,2.5258795753177776e-05,6.402201751695284e-06
0.52,0.97059633222424,0.9723273408062012,3.363873842936099e-05,1.8415863963524358e-05,0.9873139295828172,0.9902989750796749,5.210630452472845e-05,2.4881153362591413e-05,0.991518813621325,0.9949371821981186,3.306612639152609e-05,7.401666099637579e-06
0.53,0.9697731284976592,0.9722063677008675,4.7400915330650346e-05,1.9488609880831123e-05,0.9850480436832932,0.9900502794349196,5.373940065542375e-05,2.5949206221008154e-05,0.9913693566249848,0.9947682021421429,2.088727011163577e-05,7.900772568798246e-06
0.54,0.9681243845125004,0.972014598262568,4.269351711737226e-05,2.033697980234324e-05,0.9855279953363651,0.9898378248898148,5.857115619882733e-05,2.7141862621662648e-05,0.9916768764799364,0.9946229732770334,2.053817892963797e-05,8.362795335499053e-06
0.55,0.9689351678198286,0.971871042763613,5.446648357473635e-05,2.1570116691893102e-05,0.9845428180452273,0.9895909846498163,6.753063079757766e-05,2.8601153688223216e-05,0.9914843591576574,0.9944766587801444,2.035281932869996e-05,8.79600822342166e-06
0.56,0.9687206797653664,0.9717252596295077,3.5440797681611404e-05,2.2065611468678035e-05,0.9857163743981452,0.9894116869542049,6.617540278391978e-05,2.994339810883488e-05,0.991367347017889,0.9943327752931099,1.0774817431981511e-05,8.86669614622964e-06
0.57,0.9687379945546776,0.9715879928691677,6.62242581915768e-05,2.3625855533396678e-05,0.9850326699048996,0.9892104682913899,6.84599806574478e-05,3.130429283216788e-05,0.9906315430383192,0.9941627012795377,2.08594021890941e-05,9.29043078965547e-06
0.58,0.9687413676681598,0.9714580636698422,5.9905157610799774e-05,2.489420417745367e-05,0.9836828476137556,0.9889581697701214,6.579355193620506e-05,3.251006037769027e-05,0.9906060352121996,0.9940003635140201,2.165648696990137e-05,9.72275637726143e-06
0.59,0.9680692243022404,0.9713043739080954,4.765841613977948e-05,2.5681966464403926e-05,0.9841430087435614,0.9887397938394062,7.395638641622666e-05,3.394432274705488e-05,0.9890250895410648,0.9937747261825967,2.820701134712093e-05,1.03624094867882e-05
0.6,0.9682730126725804,0.9711677348263745,7.168457438432458e-05,2.7258272911770706e-05,0.9827638164313116,0.9884704257232414,8.616587808276836e-05,3.573372508942861e-05,0.989711587124877,0.9935915795541955,3.414771684967131e-05,1.1177427048705109e-05
0.61,0.9673516777135996,0.9709967274677838,5.509435702420028e-05,2.8203047236734615e-05,0.9825879058842044,0.9882068148416949,8.688788300014091e-05,3.746992960777932e-05,0.988856291055052,0.9933793790670244,2.6745579604655072e-05,1.1705820006657666e-05
0.62,0.9672410128419898,0.9708293609440035,7.430483747681889e-05,2.975343126761712e-05,0.9819306184759086,0.9879271276788073,9.534162842232462e-05,3.94161307686206e-05,0.989058894682449,0.9931868446163165,3.091836699398871e-05,1.2351929970861158e-05
0.63,0.9669741150490953,0.9706584728123746,7.160357409903385e-05,3.11483659232358e-05,0.982082729065204,0.9876680681047105,8.944988349640947e-05,4.108383871197926e-05,0.9881037231575291,0.9929615295125296,3.206296250046729e-05,1.3008931369502356e-05
0.64,0.9659280656040278,0.9704498582792698,6.547258980219955e-05,3.228264867738867e-05,0.9812986023875984,0.9873871698525775,7.056881684158307e-05,4.205820312344906e-05,0.986928637823318,0.9926954744294076,5.8943320665556135e-05,1.4526885155865753e-05
0.65,0.9675700007721894,0.9703234717933963,5.793527116419801e-05,3.312334474354949e-05,0.9818406095067572,0.9871437514650117,8.436918562415905e-05,4.3444832368160264e-05,0.986594864903892,0.992427740835742,4.8036509699740976e-05,1.5625073442347876e-05
0.66,0.968689795835746,0.9702521090022654,8.873698547153582e-05,3.4931322809251065e-05,0.9821382492739236,0.986925099408773,8.88933787399428e-05,4.492234712681647e-05,0.988550522787602,0.9922583748727783,2.2109602957914217e-05,1.5835883002324023e-05
0.67,0.96799184406454,0.9701538143854748,8.523275392685033e-05,3.6553917124292316e-05,0.9778219744193484,0.9865292218426092,0.0001180268924044,4.7280511038570085e-05,0.9881921432868808,0.9920815422064628,4.7138939430262925e-05,1.684563879405573e-05
0.68,0.9653110748425432,0.9699441088151501,0.0001002869295669,3.8594341604315165e-05,0.9802879286689552,0.9862589545831496,0.0001226310288706,4.969287215684177e-05,0.98703962002541,0.9918632114130892,4.632481656663208e-05,1.7789420261035277e-05
0.69,0.966422261283988,0.9697922227652471,6.839003301750049e-05,3.9541320799351404e-05,0.9802054917222456,0.9859978880395124,8.854573557992493e-05,5.092771020167944e-05,0.9872995896421428,0.9916663969633132,4.324010633189958e-05,1.859830466899507e-05
0.7,0.9647272458097192,0.9695746374686525,7.899058404323703e-05,4.0786285749805056e-05,0.97845001633078,0.9856736405811679,0.0001029890154376,5.257069399818002e-05,0.9860870069926522,0.9914267131044836,5.1866943336713866e-05,1.964821753643085e-05
0.71,0.966584269901887,0.9694466539433453,9.39365927437366e-05,4.245219668276648e-05,0.9786182807374962,0.985371681104634,0.0001038148871977,5.417686085835666e-05,0.9845964442611376,0.9911343872061281,6.87263432104472e-05,2.118649249200041e-05
0.72,0.9654445334496464,0.969275980323709,0.0001125616329161,4.463514322410667e-05,0.979625075075523,0.9851266125083346,0.0001375292858871,5.677214471320391e-05,0.9857208480715745,0.9909035225131256,8.025394125705654e-05,2.3025632697868497e-05
0.73,0.9646914261177192,0.9690811366893082,0.0001110262253421,4.668907665072113e-05,0.9770335687732434,0.9847826580072294,0.0001157757837676,5.8597533646168347e-05,0.9862864762927596,0.9907072979675421,4.090580937737984e-05,2.357878970908503e-05
0.74,0.9638601423447696,0.9688599707201422,7.411853743104461e-05,4.7532391838451136e-05,0.9757105450354608,0.9843983552240088,0.0001735924913836,6.213303859644841e-05,0.9844813610508754,0.9904435617362277,4.972403697986711e-05,2.4382621920260823e-05
0.75,0.9633894844368548,0.9686289626179393,8.016924585448168e-05,4.8529770010759e-05,0.9780253080949148,0.9841292337151878,0.0001168790048259,6.380606846974254e-05,0.9840313801860272,0.9901727876561578,5.649790630900062e-05,2.5364060990063802e-05
0.76,0.9630455588218216,0.9683938943434917,0.0001060323954876,5.027679062572496e-05,0.9750674543462676,0.9837477214840361,0.0002388451582212,6.912403257459603e-05,0.984873309103388,0.9899496729891265,6.371085753175505e-05,2.6529097256159533e-05
0.77,0.9637331955734212,0.9681982376828584,0.0001088918187401,5.204753187963319e-05,0.9751873529297928,0.9833883562455296,0.0001499126652699,7.156463133164635e-05,0.9849269715616394,0.989738819416059,6.407726858710372e-05,2.766341550394369e-05
0.78,0.9642452194200524,0.9680327470166349,0.0001119630449789,5.384762686496757e-05,0.975750489812046,0.9830686016882342,0.000158633898105,7.418053066035248e-05,0.9828961996286782,0.9894523573680633,7.847756013324063e-05,2.9190069991233275e-05
0.79,0.9640125134223614,0.9678648870321123,0.0001047423079603,5.536856013939239e-05,0.9756478602009896,0.9827587576152504,0.0001165613192202,7.544703533490376e-05,0.9822945095077008,0.9891534901000597,8.894647355588304e-05,3.0975826392205576e-05
0.8,0.9632521438827862,0.9676727751284638,0.0001108010298522,5.701654311164833e-05,0.9752218455472148,0.9824448596855048,0.0001719284779364,7.8315386237718e-05,0.9822971014879198,0.9888679346668193,9.526626590496984e-05,3.2887152915176756e-05
0.81,0.9593278938841464,0.9673260701560318,0.0001488073954366,5.973176498810499e-05,0.9699260326321688,0.9819247396908238,0.0001906357234464,8.163788111640537e-05,0.9793298667170742,0.9884716563389734,0.0001247488988909,3.56044718632544e-05
0.82,0.9620147110338704,0.9671059122589533,0.0001212143288937,6.154160308456921e-05,0.9705312519361956,0.9814524752013106,0.0001525332391033,8.37247999369049e-05,0.982579982900362,0.9882274441882444,6.296833738307102e-05,3.6409971229876955e-05
0.83,0.9641414637865484,0.9669833087015953,0.0001552511982454,6.428706773374779e-05,0.9696295742878912,0.9809635040743818,0.0002442521469721,8.842786322252845e-05,0.9814632099637396,0.9879476892232161,0.0001275145501231,3.907911519854275e-05
0.84,0.9616140006497756,0.9667617197503404,0.0001606592623039,6.70975941929355e-05,0.9712413333539064,0.9805622744200057,0.0001723795726426,9.087616796095998e-05,0.9808294060449092,0.987653920847665,0.0001372373683076,4.194172893045099e-05
0.85,0.9617049398076158,0.96655345644031,0.0001490538512215,6.947706431851317e-05,0.9711357563544244,0.9801740435939393,0.0002877999811774,9.659353900195376e-05,0.9805687737755644,0.9873621193063677,0.0001304639890714,4.451183255756747e-05
0.86,0.962800825844266,0.9663992082346514,0.000145837575581,7.168448607415148e-05,0.9697774249366528,0.9797467007655528,0.000174795006308,9.885417892434527e-05,0.9787644165179238,0.9870087191530721,0.0001262097261195,4.6873546808255423e-05
0.87,0.9584670785050172,0.966073780326853,0.0001719894665214,7.457191710253209e-05,0.9697839865769587,0.979337964985265,0.0002041333157783,0.00010188479859086427,0.9790338923111636,0.9866815395301115,0.000116865880004,4.8888382300142407e-05
0.88,0.9603935401365846,0.9658411609170177,0.000170107417594,7.731083511015706e-05,0.9705848716350092,0.9789795048953451,0.0001968205974991,0.00010460652368635641,0.9795070606436526,0.9863877274748918,7.84230846020283e-05,4.9735116001942634e-05
0.89,0.9597751555967524,0.9655931741826577,0.0002038562483946,8.092440589782299e-05,0.967437394176203,0.9785076473558703,0.0002069483313255,0.0001075289477935856,0.9782505365110816,0.9860550677907274,0.0001288773976726,5.199506545164328e-05
0.9,0.9581498743819468,0.9652893877527796,0.0001917421598539,8.407668417554091e-05,0.966532842990742,0.9780189147824191,0.0002999747053597,0.00011300318418223392,0.9778361176241268,0.9857196244261838,0.0001143576824136,5.376900794526878e-05
0.91,0.9571515157369596,0.9649577832754642,0.0002777006913909,8.956383645483527e-05,0.9662969932880036,0.9775412663698202,0.0003405970887604,0.00011945301667057074,0.9755345811818872,0.9853046011946933,0.0001707247549738,5.7083441951225415e-05
0.92,0.9581853696594136,0.9646822412116643,0.0002117754834813,9.301463053674754e-05,0.966033964986643,0.9770730809116294,0.00033882174438,0.00012564715876549231,0.97641866915589,0.9849430686316266,7.650730514946425e-05,5.7631898287452036e-05
0.93,0.9593938078739784,0.9644673921755097,0.0002849742531982,9.841569730889761e-05,0.9642896390847916,0.9765537380401469,0.0002986667307597,0.00013051531931026293,0.9769073307983162,0.9846166070090556,0.000121484756714,5.9428492525203084e-05
0.94,0.9579767831232304,0.9642040747060306,0.0001990288688971,0.00010123687781983264,0.9621202253545108,0.9759681849733295,0.0003062058558475,0.0001354416595678112,0.9771100643729708,0.9843120741377105,0.0001817482666953,6.285832340662136e-05
0.95,0.9590222840269668,0.963994138786792,0.0001707903073377,0.00010318063841020678,0.964640805038374,0.9755092656409027,0.0003008519328361,0.00014006426369604215,0.9742496063689384,0.9839044016646825,0.0001622876369886,6.563700423671549e-05
0.96,0.9581475977420904,0.9637575782306803,0.000178248531984,0.00010527170155769254,0.9663242743796302,0.9751376259612983,0.0002053625377034,0.00014188318797739275,0.976622380179584,0.9836097592361148,0.0001206759737329,6.717014917138626e-05
0.97,0.953964108415394,0.9633618116207733,0.0002109737768796,0.00010820681153270261,0.9641409779396624,0.9746932373850379,0.0002390443963287,0.00014458113719880079,0.9752149688797944,0.983270515047603,0.0001581858432216,6.96974512198625e-05
0.98,0.9552056031185212,0.9630326024284386,0.0002529947815464,0.00011221491874045349,0.9625471480175636,0.9742029845586679,0.0003556972122394,0.00015042537869180774,0.9750105315859344,0.9829371171846912,0.0001660668404351,7.236520630672228e-05
0.99,0.9571509220906232,0.9627954721250046,0.0002364347471066,0.00011564339096180375,0.9624776467813302,0.9737302569119223,0.0002493202872156,0.000153154882114622,0.9748556697876722,0.9826112993973627,0.0001539392471902,7.461665309127211e-05
1.0,0.9679022367294988,0.9630011338865595,0.0002383531972069,0.00011902036397209313,0.9606001204284348,0.9732014745599274,0.0003304675332651,0.0001580345250351074,0.9747366493237966,0.9822941681937174,0.000166438571158,7.714359163475736e-05
1.01,0.9630206908417976,0.9630019206610363,0.0002536867970916,0.00012271592986342987,0.9581862697874444,0.9725974142788066,0.0003936792019842,0.000164501173110915,0.9725152337601346,0.981900762577709,0.0002208501964935,8.108724125087575e-05
1.02,0.9639948553165096,0.9630418258565427,0.0002957328969743,0.00012745089929249896,0.9591919911181208,0.9720586617746775,0.0003609584596259,0.0001698776356700479,0.9704691914556232,0.9814413375006837,0.0002390569564994,8.54104113128108e-05
1.03,0.959875014569259,0.9629146781895096,0.0003171530406721,0.00013262863904510292,0.9550825712077482,0.9713770706992652,0.0005775858908334,0.0001810056452163391,0.9705809648841126,0.9810052928753372,0.0002449674622832,8.976536945724466e-05
1.04,0.9605803393793794,0.9628210418348551,0.0003862925213875,0.00013953418076184166,0.9558130845835456,0.9707527590451708,0.0005222696523552,0.0001902959423447961,0.970407063220208,0.9805801705296043,0.0002588968520713,9.436966904463618e-05
1.05,0.9660801944933188,0.9629516577112378,0.0001853679437046,0.0001407787711953098,0.9613696303830164,0.9703767148085695,0.0002932864863687,0.00019309259349451543,0.9731268959298832,0.9802814683527562,0.0001814440923467,9.673412675623294e-05
1.06,0.962327374772838,0.9629266600725666,0.0003479760001802,0.00014639127304304418,0.9576403474158904,0.9698667231197341,0.0003803440969223,0.00019816481098568718,0.9699472540377108,0.9798676640670579,0.0002083529742452,9.975762755710268e-05
1.07,0.9623029743386018,0.9629017069703902,0.0002295281198116,0.00014863787750945352,0.9576221288040204,0.9693768279747447,0.0003674124059048,0.00020273838356455644,0.970976429499987,0.9795119338129507,0.0002265583296951,0.00010318415905113586
1.08,0.9590220080447246,0.9627466067829787,0.0004798413001097,0.00015756715785259358,0.9544152773741396,0.9687787044227417,0.0004951509066019,0.00021062185703094263,0.9662325988598884,0.9789810608304377,0.0003076333506341,0.0001086961315218312
1.09,0.9553759437354352,0.9624521712748988,0.000371389739684,0.00016331878892713385,0.9505777703968749,0.9680516326216203,0.0006610852921751,0.00022273890972635037,0.9683627891406918,0.9785568932623728,0.0001681760631635,0.00011029608705604833
1.1,0.9556497586702344,0.9621806342040412,0.000329119242754,0.0001677688443700684,0.9507796035540932,0.9673621719179949,0.0004756070991982,0.00022952584810276308,0.9699896902013784,0.9782149097103858,0.0002155010566963,0.00011311977020627808
1.11,0.9568471361214024,0.9619678822773512,0.0003478866829552,0.0001725928117955466,0.9521673441693654,0.9667560539764198,0.0005574949843301,0.00023830961123333779,0.9675440267887724,0.9777892508152516,0.000205515158449,0.00011559432989813578
1.12,0.9592699672825148,0.9618603356055307,0.0003535888693688,0.00017743018533438175,0.954957946670289,0.9662857473963448,0.0003694288275857,0.00024181395622360926,0.9647071105232692,0.9772677589775236,0.0002887780833652,0.00012022290865067943
1.13,0.9554658035030092,0.9616055959825016,0.0003091115674409,0.00018094240746376264,0.9508746524240372,0.9656718140450423,0.0006319313595856,0.0002522192159135193,0.9654319048352186,0.976796252857279,0.0002880136852399,0.0001246982450210553
1.14,0.9560577908170288,0.9613847247589166,0.0003115839743431,0.00018442000720200703,0.9514618464550004,0.9651060816815035,0.0003594986416257,0.00025507492954041013,0.966389940463742,0.9763819529886258,0.000311382703395,0.00012966767273907365
1.15,0.9515353551763546,0.9609928319313258,0.0003204978126565,0.00018803534581937362,0.9466954782013636,0.9643735491681273,0.0004869023181647,0.0002612341596063075,0.9646274953503448,0.97591425933554,0.0003164575744921,0.0001346303390819525
1.16,0.9551128574687732,0.9607590098240859,0.000456424176927,0.00019515258885313444,0.950827984562606,0.963834898451192,0.0008111654882339,0.0002758174598933154,0.963107954422632,0.9754050058991923,0.0003730464632236,0.00014095275381016797
1.17,0.9518986722644348,0.9604068648160224,0.0003816688575469,0.00020008968203946115,0.9470896046500948,0.963169373962885,0.0007813175484046,0.0002891980677092171,0.9647720025348832,0.9749824081109867,0.0002616181566518,0.00014414677191039552
1.18,0.952565075152402,0.9600953655076849,0.0005110343512316,0.00020830578618592787,0.9479044185215032,0.9625630043373576,0.0008102162549561,0.00030296495330897806,0.9643901357522986,0.9745616514144942,0.0003263632811613,0.00014896148644176428
1.19,0.9571363297217766,0.9599778833665953,0.0003279517870365,0.00021146173242474434,0.9531905558236105,0.9621908914606252,0.0003875037251509,0.0003051948633530412,0.9641089312109417,0.9741466486775983,0.0002034508624501,0.00015039877260299365
1.2,0.953869836165714,0.9597354945933014,0.0005109778138308,0.00021934887965087494,0.9495100291460198,0.9616876702903134,0.0005494135787349,0.00031162586683890035,0.9641297792952191,0.9737491441066628,0.0003318028988805,0.00015517568155780395
1.21,0.953594147595171,0.9594918983280099,0.0003994674044204,0.00022408416141976397,0.949732620650746,0.9612134737590865,0.000458459962163,0.0003154861072862903,0.9611378544772576,0.9732489178443836,0.0003475874813552,0.00016023415118976206
1.22,0.9488944300301152,0.9590717389678242,0.0004468750174494,0.00022993194326622815,0.944189614374454,0.9605385263409039,0.0007276170182047,0.0003263036592369628,0.9618647124902442,0.9727975666062046,0.0003247721985177,0.00016455292182229189
1.23,0.9488320090767008,0.9586659380003442,0.0004985248541397,0.00023697097453466028,0.9447766753607648,0.9599138834601808,0.0005952925664351,0.0003333530684059227,0.9584760469866132,0.9722300041236774,0.0003124431084458,0.00016842868922267398
1.24,0.949960838777409,0.958321097405051,0.0005150227930149,0.0002442468678823531,0.9462780070530992,0.9593737168730874,0.0007165621580118,0.00034338065420298146,0.9580855755072144,0.9716696919366169,0.0004422946377961,0.00017559504923526486
1.25,0.9467683248415916,0.9578636321728311,0.000537272464948,0.00025190328489598277,0.942718388189176,0.9587142012665755,0.0008784682155779,0.000357361867959453,0.957273793576454,0.9710996449673573,0.0004297520625137,0.00018223587549783319
1.26,0.948112595835524,0.9574776593787213,0.0004954762351466,0.0002582584265789813,0.944456830391676,0.9581498553772887,0.0006713840712361,0.00036555512419491384,0.957144207769152,0.9705472504420896,0.0004713997125231,0.0001897805439513879
1.27,0.945274753450826,0.9569948120872706,0.0004848446454071,0.0002641620969246266,0.941199148551117,0.95747914604563,0.0007071103290674,0.00037445429443057636,0.9568308027565776,0.9700045149942864,0.000315656975801,0.00019306023572509596
1.28,0.9432070389961532,0.9564494466807988,0.0006049644843216,0.00027302956187951155,0.9394850596360262,0.9567674029538333,0.0010639561358949,0.0003923947010756497,0.9536060697211964,0.9693558863352011,0.0004573318457327,0.00019993641772080419
1.29,0.941859564538134,0.9558725497624939,0.0006946344075442,0.0002839849073786442,0.9381118025329566,0.9560297439181609,0.0011377954382616,0.0004117638394884349,0.952925013958912,0.9687061950254116,0.0005467311482331,0.00020894783238813568
1.3,0.9441163899341982,0.9554078518665045,0.0004973313244377,0.0002895215238192094,0.9396723002640984,0.955383166314519,0.0010092585649324,0.0004272696031457095,0.958929588554776,0.9683197449836313,0.0003300689199779,0.00021209108182298795
1.31,0.9436040185403332,0.9549414152216723,0.0007734607869256,0.0003020645723489873,0.9396622148462184,0.9547619420347603,0.0010981752521496,0.00044465856650516294,0.956741527795812,0.967862223716684,0.0005906722131089,0.0002219033906480594
1.32,0.9417162823213072,0.954418971676476,0.0005622843624529,0.0003088008486163452,0.938135638641334,0.9541051391917332,0.0007941024532731,0.00045370457549728517,0.953872574167576,0.9673095788274755,0.0004043941534188,0.00022662750557326814
1.33,0.9394402304225734,0.9538274243230555,0.0007508158431853,0.00032022957078910646,0.9361958760727151,0.9533978583181145,0.0008260393227371,0.000463331647958071,0.9507607039599772,0.9666560230336996,0.0006196317801635,0.00023678900851363657
1.34,0.941389738197659,0.9533363654026152,0.00057875745677,0.00032690628184465343,0.9375527730225306,0.9527722700534577,0.000965482888368,0.0004763001473742205,0.9562590103126148,0.966245533028473,0.0004172468536027,0.00024144949179107837
1.35,0.9408557003515337,0.9528437405711899,0.000767933492422,0.00033828329168240955,0.9376488121261748,0.9521753314382874,0.0009720277266253,0.0004890882416475951,0.9535927667929904,0.965746115184287,0.0004304957146015,0.0002463262447104487
1.36,0.9373045444117246,0.9522305489164322,0.0005336904411506,0.0003433185697037078,0.9336358163880636,0.951443744308851,0.0008874192417526,0.0004993524890688849,0.9532805796207952,0.9652542131385713,0.0004939647199749,0.0002527074266432514
1.37,0.9344976719108078,0.9515309640938778,0.0008362754357243,0.00035600748616897556,0.9315671833566102,0.9506595883953827,0.0008606997105235,0.0005086537180891998,0.947776811492825,0.9645647071477964,0.0007543723958285,0.00026562049333594024
1.38,0.9327458348098084,0.9507900411266351,0.0006220943441268,0.00036284949579518767,0.9300317228511574,0.9498459842345708,0.0010256062489015,0.0005219463482448503,0.9459724278306194,0.963831390567901,0.0005272860243588,0.0002723488154178601
1.39,0.9351191208138891,0.9501720886205124,0.0006765856585612,0.00037090849617657854,0.9321110977407474,0.949146643204437,0.0011869455766839,0.0005390283096877584,0.9513146451808674,0.9633378168641201,0.0004925348184274,0.00027800477508341584
1.4,0.9317778254243848,0.9494469039860932,0.0006886822680197,0.000379063090783967,0.92941950730792,0.948368910729876,0.0015842329283415,0.0005658499693151587,0.9454867662756006,0.9626340481152985,0.0004580174774838,0.00028262419538277364
1.41,0.931393878054946,0.9487353210488002,0.0006026093029758,0.0003847940914711986,0.9290152954223242,0.9476060634110767,0.0009675432185779,0.0005761480829132794,0.9468263605848336,0.9620109680417618,0.0005067832089342,0.000288370906311653
1.42,0.9316800858308166,0.9480632021151212,0.0005158564029402,0.0003881509309877129,0.929515338593754,0.9468931375253709,0.0009296289108229,0.0005852016269730288,0.9474553791973076,0.9614373560846022,0.000511509949814,0.0002940860653875941
1.43,0.9239220239079284,0.9471120210264565,0.0008449540689743,0.0003998400546115848,0.92149486492719,0.945892425945646,0.0016570007453956,0.000612627866754171,0.9442688483470972,0.9607609036040997,0.0008086286432335,0.0003072526820371564
1.44,0.9280999435511772,0.9463630690939874,0.0007468046059946,0.0004087105591913098,0.9261128325767796,0.9451132388896113,0.0009261203370688,0.0006206426232546569,0.9474816317566206,0.960237786847139,0.0004867185701904,0.0003118409115159956
1.45,0.9216727711271394,0.9453906051845533,0.0009928469481851,0.00042363155411766023,0.9198267066392156,0.9441172914109189,0.0015058520372826,0.0006432541321836254,0.9433204699475908,0.9595714732955019,0.0006942452137667,0.0003216089259064807
1.46,0.9296159659897644,0.9447694037815235,0.000737970581013,0.0004316540928579542,0.9282900464843838,0.9434940184071403,0.0011801318164733,0.0006569562870307463,0.9490604218414008,0.9591575506802219,0.0004597031851779,0.00032513335796876495
1.47,0.9284374738619464,0.9441263619092196,0.0006748033180909,0.00043785458048772587,0.927635747982317,0.942869626069205,0.0011095389827484,0.0006684974852540084,0.9441489357827572,0.9585666120788514,0.0004992878885569,0.00032957442913214574
1.48,0.9305077328432548,0.9435902361255055,0.0008740984543958,0.00044897012966166837,0.9299295634930008,0.9423602134729464,0.0009043193531054,0.000674506256322609,0.9476044856523372,0.9581350650712106,0.000458610772162,0.0003328622914998733
1.49,0.9292919864587312,0.9430274408658389,0.0007700089554961,0.0004571437924865247,0.9289566177758044,0.9418326328042183,0.0009702667195249,0.0006820363309073745,0.9492600314467794,0.9577857337215967,0.0007041874938598,0.0003423162477139633
1.5,0.92083829098794,0.9421541778698497,0.0008965971950068,0.0004683237018690977,0.92083829098794,0.9410063919642495,0.0015663945555522,0.0007045348364521259,0.9422640306938144,0.9571748708014991,0.0006247414192725,0.00034950128213916923
1.51,0.920212554701273,0.9412907770218181,0.0010262320651064,0.00048250653855783614,0.9199559846853564,0.9401780603792811,0.001162997068809,0.0007161896088089014,0.9380450937211948,0.9564221158377075,0.0006849738297341,0.00035802947900735304
1.52,0.9169081326332676,0.9403314509760908,0.0007814427522299,0.0004901003848609328,0.9161131319457362,0.9392312347492563,0.0012405211920841,0.0007295091508153413,0.944341417227648,0.9559468052584886,0.0007612129963107,0.00036827150898670585
1.53,0.9207843337337646,0.9395624760937666,0.0011248558013934,0.0005062135471313532,0.9200100702171938,0.9384750827013127,0.0011248943589808,0.0007395459395572112,0.9384718280332344,0.9552593474411122,0.0010151455078909,0.00038469229948550726
1.54,0.9197477891451,0.938783071681793,0.0008442297232116,0.0005147880861356772,0.9186863336884036,0.9376966985497962,0.0013254175878017,0.0007544078889397973,0.9378081415480064,0.9545729098051009,0.0007552238653358,0.00039409166433413605
1.55,0.9169756562801008,0.9379253859906284,0.0010444236236076,0.0005282144056745025,0.9152079300396456,0.9368122152395195,0.0018142982777951,0.0007812762276937003,0.9408726961973652,0.9540340803766332,0.0008069981234052,0.00040455888880626064
1.56,0.917261791843886,0.93711277968537,0.0007940662445133,0.0005349493425774328,0.91542547607417,0.9359711708901551,0.0018705700657056,0.000808871768502464,0.9378084294861324,0.9533959984376004,0.0006651480356457,0.0004111605037103285
1.57,0.9195516153813184,0.936422253838637,0.0011076813845272,0.0005494492953600427,0.9180202486578252,0.935265319298569,0.0017322800528595,0.0008322498502955935,0.9341398983788072,0.9526388257030564,0.0009176941560221,0.00042398450080383804
1.58,0.920096249864139,0.9357803636843397,0.0013899665867914,0.0005707155034530683,0.9186661678326294,0.9346126897933749,0.0015931313058897,0.0008515011655674459,0.9319377624432288,0.9518249211670338,0.0008212581807183,0.0004340360545708707
1.59,0.9169805234090704,0.9350412845173607,0.0011733329742518,0.0005859532342658266,0.9143499075550824,0.9338160979075887,0.0013258341943852,0.0008634951075936295,0.9362159256798332,0.9512112838587831,0.0009420616389344,0.00044688194350645915
1.6,0.9182144411594276,0.9343798342929891,0.0010868871534594,0.0005986122775454219,0.9159252876539196,0.9331128239657831,0.0015077785501816,0.0008797767201408047,0.9331819833108276,0.9505025659704047,0.0007573360498995,0.00045472739341227567
1.61,0.9209047096901414,0.9338501870899956,0.0015817310220127,0.0006234421683328932,0.919255420641898,0.9325681510868624,0.0017693621901086,0.0009022443113547131,0.9306458594528813,0.9497220871713109,0.0009619235403724,0.00046753726506584706
1.62,0.918761271629618,0.9332571622397328,0.0014100464426992,0.0006432976247875758,0.9155797508460344,0.9319004726486423,0.0018119610943721,0.0009252073724006848,0.9358785162621284,0.9491780068769334,0.0007238370941251,0.00047400678253615113
1.63,0.9103026436828427,0.9323550811824798,0.0008284856608983,0.0006479695666452739,0.9056800088939104,0.9308700444300362,0.001647807263853,0.000943437193020553,0.933119028234636,0.9485469110691017,0.0007413958352107,0.0004807524996662446
1.64,0.9095497184664416,0.9314589360716573,0.0015542953539295,0.0006708221762041364,0.905713023398834,0.9298814900412864,0.0020567095739923,0.0009715078707083701,0.9270279959966544,0.9477013173913121,0.0007060049584467,0.00048643214220196913
1.65,0.9093189709304922,0.9305890073201917,0.0011456522327115,0.000682788548170915,0.9047295724403792,0.9288932149407607,0.0018342287648084,0.0009932496264814749,0.9287168285487029,0.9469553743615574,0.0009887169053095,0.0004990904106207812
1.66,0.9184022313055824,0.930110198285129,0.0010951558727605,0.0006931754756444042,0.9147424040826642,0.928337240490734,0.0013938788576713,0.0010033408886159568,0.9328201796797404,0.9464000134590586,0.0008904457718612,0.0005089480775870257
1.67,0.9067848835234492,0.9291938320413595,0.0014335856479015,0.0007118160532153932,0.9010325264490048,0.9272645382142903,0.0022620109893229,0.0010350291858971636,0.9279924017859518,0.9456768457703051,0.0007511201026989,0.0005150450041133862
1.68,0.9162663769628814,0.928685995527719,0.0011498204126205,0.0007228379156969081,0.9124329564610116,0.9266819008178627,0.0012676427045898,0.001040882630410487,0.9295402064238184,0.9450429410599158,0.0009759812599392,0.000526643920688912
1.69,0.9070364354907764,0.9278355813670403,0.0009881135133225,0.0007295101105045719,0.8992756898831669,0.925605360240149,0.0020137155124538,0.0010653512606289936,0.9323575980843736,0.9445446493957407,0.0009650288587656,0.0005376701505184706
1.7,0.9067057222238606,0.9270056356464225,0.0015615245836833,0.0007504272511695515,0.9009685373685749,0.9246376668176169,0.002137013408108,0.0010922932293167633,0.9243953755276584,0.9437532194336641,0.0007446215211606,0.0005428729818033561
1.71,0.9130953746694196,0.9264592979612503,0.0013409626117529,0.0007652668578353979,0.9077299964092552,0.9239736032513164,0.0018912450692228,0.0011123701490755532,0.9287706954687238,0.9431647676803451,0.0012803406725411,0.0005614048618393079
1.72,0.9068586027301484,0.9256895098192961,0.0009910420256383,0.0007709378963893575,0.900156991128765,0.9230382412461783,0.0021978348527824,0.0011396349375090516,0.925455833075436,0.9424692756222944,0.000947410021737,0.0005711005700303792
1.73,0.9090490866732246,0.9250360197476111,0.0010470970810021,0.0007778715259428889,0.9013547150143916,0.922186702256622,0.0021968719594562,0.0011661793737215926,0.929375838112334,0.9419550800791957,0.0009431912821892,0.0005804427874983109
1.74,0.9013743942996146,0.9241068499665348,0.0012761597584405,0.0007903770282840556,0.892964411103927,0.9210391703623074,0.0017180102868828,0.001180028632697418,0.9225685186174826,0.9411937880407939,0.0012380329159138,0.0005969462775550773
1.75,0.908160655622392,0.9234806913298811,0.001292935608726,0.0008029845900176008,0.9005598300472482,0.9202350088467447,0.0017016124253292,0.001193113475182923,0.9264687311381729,0.9406155797638968,0.0008300496880216,0.0006027940846608126
1.76,0.8958101192709179,0.922394207689718,0.0016494379329714,0.0008242109611183488,0.8869837311700213,0.9189293990771564,0.0028521242978797,0.0012347162164041139,0.916166795741137,0.9396555994712593,0.0013064500221459,0.0006204395487382325
1.77,0.9030407082566282,0.921634330928586,0.0014231639444499,0.0008392250188766668,0.8972628172853995,0.9180787037259801,0.0027492562001297,0.0012726814514488665,0.9158217591136664,0.9387198110119743,0.0010722832175392,0.0006317659919314418
1.78,0.9043037360829718,0.9209539117071454,0.0015787892408074,0.0008577568382835756,0.8936140731327562,0.9171181940002976,0.0035881715947538,0.0013307024371885245,0.92701926985218,0.9382604342175075,0.0014282500655209,0.0006517240950610186
1.79,0.8983125746588317,0.9200650270163699,0.0012816995265959,0.0008683759996554938,0.8898641694773662,0.9160482180925693,0.0022609738120947,0.0013540044120123646,0.915584694726935,0.9373701989084279,0.0010924851807795,0.0006627645333672884
1.8,0.8984348184561042,0.9192158756922364,0.0014237919082123,0.000882283410200433,0.8876694155343557,0.9149341327751537,0.0033875591846429,0.0014049238773227483,0.9196393999686392,0.9366741292724964,0.001196236344811,0.0006761224717727227
1.81,0.909112128288146,0.9188192428821818,0.0015274124997261,0.000898431581872285,0.9016584851990548,0.914412983819938,0.0015964464645657,0.0014097178630041419,0.923276035442646,0.9361481735659078,0.0012026008659715,0.0006893007079258835
1.82,0.8990217859269121,0.9180421050493276,0.0018741689963878,0.0009228468921634918,0.8921577168596806,0.9135393660631644,0.0022111750749901,0.0014297722610672507,0.9116218015989364,0.9351854048829779,0.0013683943020291,0.0007062932722881238
1.83,0.903335468287157,0.9174648268114417,0.0015124746415843,0.0009375959218594981,0.8936313300404081,0.9127579177863872,0.0031339056525013,0.001472399688322678,0.9205643673720818,0.9346114866644994,0.0012674973038176,0.0007203313071918022
1.84,0.8971272078499937,0.916666545867938,0.0017592420752438,0.0009581420599783083,0.8900759227086689,0.9118676166913814,0.0022828600481479,0.0014926661137470557,0.9092497835258117,0.9336160031544194,0.0012782835122708,0.0007342834969781591
1.85,0.8984552861503303,0.915951753159014,0.001543278523963,0.0009727694177935899,0.8871666141936164,0.9108981013057189,0.0030977486451133,0.0015327902864049508,0.9172697394115203,0.9329744116158464,0.001255283160235,0.0007473075502805326
1.86,0.8972816816192339,0.9152189772418499,0.0019036898920784,0.0009960336147260902,0.8879461229790877,0.9099972661410977,0.0027799643235468,0.0015639578277907606,0.9123821471974192,0.9321661921393679,0.0010851232188517,0.0007557497432042212
1.87,0.8963829596778495,0.9144797125611711,0.0022037080855778,0.0010262050145114893,0.889007156842287,0.9091734589644758,0.0026474582408261,0.0015910269800485533,0.9079740599618126,0.9312167138959754,0.0013587190382118,0.0007708137592922351
1.88,0.890725530375795,0.9135474522791976,0.0011384265195748,0.0010290078331574091,0.8753495071650438,0.907845998957816,0.0026625229523156,0.0016177884184057024,0.9142259332396986,0.9305498911090675,0.0009219576804503,0.0007745886953011605
1.89,0.897345907425179,0.9129116233337763,0.0017190030467976,0.001046236095867855,0.8855207676771379,0.9069698461964971,0.0026538712184695,0.0016436580278122708,0.9149410188908476,0.9299373215762758,0.0010693040806137,0.0007819473464665619
1.9,0.8866931033374962,0.9118827087387749,0.0019473624208883,0.0010687297838340337,0.8721559753185009,0.9056036172918928,0.0036733496253225,0.0016943226773672977,0.9077719389650394,0.9290674675312829,0.0018968178583654,0.0008097764628968
1.91,0.8908909476501667,0.9110589352397154,0.0023196128232893,0.0010999455702342662,0.8763038549387621,0.9044538153456259,0.0023836777927578,0.0017115255343548772,0.9115227533304264,0.9283789654782045,0.001744846325527,0.0008331111314313339
1.92,0.8941555210794278,0.9103956174576444,0.0020179487346149,0.0011228483011879408,0.8816018712958649,0.9035570674638452,0.0030159908053245,0.0017440698852881182,0.9114915136376812,0.9277162740838232,0.0013756992942999,0.0008466478502521359
1.93,0.8968031899327825,0.9098622420844444,0.0015399539202557,0.001133251754108905,0.883874827027007,0.9027847240160537,0.0022614944331921,0.0017569754940312975,0.914250745626048,0.9271878783095318,0.0012944500807695,0.0008578169383922151
1.94,0.8920663856280874,0.9091639389419837,0.00183676948624,0.0011507945039503913,0.8775787703266253,0.9017956512668317,0.0022899967351832,0.0017702667841675123,0.911191135372631,0.926560171748211,0.0012873550251493,0.0008685277973503034
1.95,0.8853340382255938,0.9082288844324757,0.0025898962028804,0.0011866708313170676,0.8733723251373213,0.9006803566800468,0.0028581284662341,0.001797386814575719,0.9007933282402616,0.9255491141066102,0.0018529903992222,0.000893070123032544
1.96,0.8872993969634206,0.9074076572965298,0.0023541905752202,0.001215769776184317,0.8698990308331318,0.8994725650366416,0.0032375219152963,0.0018332803505232667,0.9093355683162102,0.924912930167913,0.0011743063901548,0.0009000795793388695
1.97,0.8855502838450079,0.9065500409207635,0.0020511295999529,0.0012365852205638793,0.8727254340296025,0.8984230895538129,0.0023131871583801,0.0018452386386550222,0.90147938694449,0.9239934697187787,0.0013137366069285,0.0009103870595468148
1.98,0.8825999817103986,0.9056103339356646,0.0021168235443367,0.0012585139760094989,0.8658843794945632,0.8971463973811457,0.0036082656547915,0.001889159685077054,0.9029796923829658,0.9231689709911417,0.001391810516845,0.0009223804219985059
1.99,0.8875075477060146,0.9049000656555074,0.0020897637446916,0.0012792177399986908,0.8734845596954657,0.8962180180396915,0.0034906650193142,0.0019290480432056184,0.9043043135648038,0.922428810464691,0.0017421546376798,0.0009427983667911995
2.0,0.8793414351688269,0.9038972847461769,0.0021518588769503,0.0013009477487797875,0.863820675418836,0.8949469234593241,0.0026414801346744,0.001946788618280536,0.8976214410965938,0.9214555049338645,0.0017437145692467,0.0009627423224166213
2.01,0.8864843430947399,0.9032141090023095,0.002315459759598,0.0013262052388495523,0.8730116665301866,0.8940863201351149,0.0028859688271323,0.001970170633028357,0.9021000627259614,0.9206961175257538,0.0018105371826105,0.000983849189594344
2.02,0.8817189272327575,0.9023707867652954,0.0028903100252149,0.0013651375236718504,0.8678502616367727,0.8930569986908741,0.0033734748359886,0.002005100414842358,0.8975515122575444,0.9197880833207468,0.0017182088620519,0.0010021282078413027
2.03,0.8780716846855501,0.9014174746756929,0.0023684056071753,0.001390104980423215,0.8613836909941681,0.8918143788176839,0.0044190741471589,0.002065174871262895,0.8968515587398941,0.918888228416453,0.0016000420380235,0.0010170079672411894
2.04,0.8819836612566921,0.9006550522792073,0.0028507419767551,0.0014264474995502403,0.8656896459708143,0.8907894599818786,0.0042583566407772,0.002119744042527065,0.9000740882192215,0.9181501168812787,0.0021196818240286,0.0010444439050079346
2.05,0.8806807090003791,0.8998714365367667,0.0022520611865106,0.0014469859247438954,0.8660750905880067,0.8898198877335605,0.0029233532239715,0.0021397350714049855,0.8966922158160813,0.9173082995138838,0.0016155031351697,0.001058649891978675
2.06,0.8749043977447988,0.8988919668976288,0.0029915083445222,0.001485401208917863,0.8587989691548984,0.8886029213091825,0.0036560339325672,0.002177448380644336,0.8923519453838573,0.9163292490394721,0.0021663215243021,0.0010861998452731403
2.07,0.8795926635973775,0.8981348566289161,0.0024492534404376,0.001509369764762067,0.8595604570488646,0.8874635875426665,0.0029521618803142,0.0021967135368299666,0.9010560444881854,0.915730082332673,0.0019510343653388,0.0011077060822380176
2.08,0.8585054125581196,0.896580218552203,0.0035242493816634,0.001559465879040171,0.8346057748957059,0.885390008916483,0.0049163916956477,0.002264333114049834,0.883852294889746,0.91447953685261,0.003318617626002,0.001162676154110358
2.09,0.8766987871520494,0.8958002932189207,0.0024497206940526,0.0015815965559079364,0.8581977887740284,0.8843232898794865,0.0053637470607262,0.0023413808619268087,0.8961366429495057,0.9137599665484,0.0017827845572142,0.001178091312175957
2.1,0.873181137233325,0.8949129818120762,0.0025548891121574,0.0016057874015068274,0.8564412855927611,0.8832295257945201,0.0037154830294536,0.0023755336900341487,0.8906184826922457,0.9128521650986047,0.00227824695457,0.001205435295348352
2.11,0.8784290403879419,0.8942663527099798,0.0033691766764816,0.0016496086686748615,0.8649245479157224,0.8825114614005073,0.0050802923765824,0.002442748544241532,0.892387512478443,0.9120493813706111,0.0025920291385702,0.0012398929730260417
2.12,0.8750895200778311,0.8935140964821979,0.0018473365304935,0.0016545215407733837,0.8574125473192349,0.8815268976411852,0.0073640562611662,0.002565026482961657,0.8932343697001786,0.9113113184184871,0.0011703636541183,0.001238165403386896
2.13,0.8707214129621794,0.8926200104483405,0.0025642999584011,0.001677122963954918,0.8484395657544855,0.8802289845932757,0.0058261101363247,0.002646040859926359,0.8934533984973015,0.9106108078015054,0.0020284356440736,0.0012577979114695862
2.14,0.8704135767281436,0.8917489309266877,0.0032792351217108,0.0017169178547479123,0.8586332902438649,0.8793818622079043,0.0042401404162947,0.0026856367255789215,0.8823682424531434,0.909502952275315,0.0021502381562047,0.001279965249696551
2.15,0.8698553893476162,0.8908901342946863,0.0027168515422714,0.0017417515574915902,0.8524839028969243,0.8783267621556557,0.0037636700646877,0.002712410060476265,0.8874050448901099,0.9086361391848812,0.0014978516153216,0.0012853765337680317
2.16,0.8637180511376823,0.8898242924738669,0.0035251883600047,0.0017860374572397674,0.8506532561219591,0.877241251711389,0.0038886800645863,0.002741618931463675,0.8768684467759491,0.9073900317397977,0.0030121986004056,0.0013282565891859133
2.17,0.8642154381612975,0.8888197792533926,0.0033549620910663,0.0018249911695536138,0.8433345780849841,0.875911254613342,0.0038730937472189,0.002769711513805119,0.8851731445842422,0.9065185692138625,0.0016642544114658,0.0013365988398109467
2.18,0.8605113974533148,0.8877093870423653,0.0034756772657212,0.0018659692678628047,0.8473321471764635,0.8747902432280872,0.0036610670868556,0.002791839316532549,0.8737121824528409,0.9052317434041552,0.0034217682367665,0.0013883629376234517
2.19,0.8635288321062757,0.8867609169449123,0.0031876873999927,0.0018987763923886433,0.8432349508313101,0.8735525027653958,0.0043627857804941,0.002830832680559083,0.8838309982888859,0.9043923099478638,0.0030212751037523,0.0014288943879165775
2.2,0.8646261085140572,0.8858926978739013,0.0023584367491048,0.0019101844004774445,0.8415121655428526,0.8722957477360883,0.0041571607231339,0.00286374994396242,0.8877400514852618,0.9037391392453571,0.0019671486067053,0.001442252965379382
2.21,0.8629282057115817,0.8849919427875788,0.0031458058674752,0.001940846583420451,0.8413676408436448,0.8710826292662006,0.0047437047385317,0.002910401381619718,0.8844887705795185,0.9029840662671794,0.0023186424485285,0.0014640007379613342
2.22,0.8532453149437502,0.8837467289270718,0.0036529997911895,0.0019833287319202305,0.8373671856884531,0.8697601915615514,0.0052632522212243,0.0029687805957650183,0.8691234441990473,0.9016559341539976,0.0021921996222563,0.0014820688950629415
2.23,0.8645598030679591,0.8829941564191305,0.0031277796419246,0.002011721554928291,0.8440985672364558,0.8687536607020488,0.0050696691197206,0.003020901796857085,0.8850210388994623,0.9010034604365833,0.0023171952636352,0.0015027876475799417
2.24,0.8577352955491493,0.8820034306663311,0.0032144444577513,0.0020415565414476098,0.8412580802936316,0.8676752043243443,0.0035791259598521,0.0030347492178537444,0.8742125108046669,0.8999526417207706,0.0021105181639956,0.0015178631331486305
2.25,0.8520961810743461,0.8808303900924395,0.0041665513645208,0.0020942635378904547,0.8295876204968275,0.8661813096399215,0.0047442642752644,0.003077150923058666,0.8746047416518646,0.8989584307635804,0.0020943847179287,0.0015321628014528953
2.26,0.8532346582655919,0.8797480207936036,0.004201055700196,0.0021465131956227967,0.8318823141086263,0.8648360226231855,0.0044639030458962,0.003111543173549368,0.8745870024225573,0.8980025262066503,0.0019481685248719,0.0015424799827355293
2.27,0.8561244098719547,0.8788214535583156,0.0030119140962786,0.002167973292038834,0.8405205241720939,0.863882318117587,0.0047868679001508,0.0031530876532625198,0.8717282955718156,0.8969719961441893,0.002624581853438,0.0015693138009805205
2.28,0.8455959335136574,0.8775182877799954,0.0030281111986649,0.0021893006058791753,0.8217709328055538,0.862230632421094,0.0058040820490289,0.003218819658597885,0.8694209342217608,0.8958913930112531,0.0028171398207868,0.0016002539292291893
2.29,0.8583807281121015,0.876767682235624,0.0036704304945345,0.0022260217421449843,0.8427761093561998,0.8614675950678984,0.0044634745021359,0.003249677951623727,0.8739853468680032,0.895032203021739,0.0020872472882489,0.001612327785569596
2.3,0.8664757102667024,0.8763640171007318,0.0025115371841542,0.0022330997098773536,0.843690719746358,0.8607703618460921,0.003272697619903,0.0032502486124193182,0.8892607007870468,0.8948058368564276,0.0019413526067893,0.0016204843568967135
2.31,0.8428804145797573,0.8750507521320504,0.0038149809648809,0.0022723108940390082,0.8164526360869436,0.8590321702433619,0.0068767507582669,0.0033401412279703813,0.8693081930725708,0.8938057902711094,0.0023751803355614,0.0016391915278122797
2.32,0.8537193021397864,0.87421411296553,0.0035868302538844,0.0023048916554781348,0.838351174351881,0.8582210424873147,0.0048571385747404,0.0033777404677904133,0.8690874299276917,0.8928363133530861,0.003185073762617,0.001677506688352083
2.33,0.8567445076910276,0.8735289425032686,0.003140817780918,0.0023256083920493147,0.8409854104236003,0.8575450486223761,0.0036577812361236,0.003384680711252354,0.8725036049584549,0.8920388499307094,0.0029041696062879,0.001707907045224694
2.34,0.8560867080812526,0.8728448489876738,0.0033223444814052,0.002350308215062165,0.840391522257254,0.8568722783870929,0.0048097789899035,0.0034199956513197376,0.8717818939052514,0.8912443615683001,0.0031248323572627,0.0017430194534173006
2.35,0.8409140375696362,0.8715925119928843,0.0035421999993999,0.0023798414950754587,0.8150757138997259,0.8552330032907807,0.0053927830110327,0.003468878345425614,0.8667523612395466,0.8902837772071157,0.002968147127765,0.0017733762686366033
2.36,0.8525059824677145,0.8708439354631214,0.0032576404633448,0.002401590134003341,0.8369102698743958,0.8545143829581254,0.0042347974446053,0.0034878550115395764,0.8681016950610332,0.8894137926426648,0.0025748833517784,0.0017932346744669943
2.37,0.8350839068492315,0.8694414280754387,0.0044443400589243,0.0024521976846032445,0.8131428959383471,0.8528917943184139,0.0058345979171313,0.003545993753287073,0.8570249177601158,0.8881435018162234,0.0041820248445224,0.001852415104694306
2.38,0.8358760996292717,0.868125002415273,0.0045866454917198,0.0025050725976670752,0.8187547655144205,0.8515529466812916,0.0064764398278921,0.0036185872741576076,0.8529974337441228,0.8867650798550546,0.0030822349574137,0.001882880416415634
2.39,0.8432393815124424,0.8671489972191426,0.0059643095239284,0.0025907584928581604,0.8258613175839504,0.8505453301305946,0.0066629426585555,0.0036939964820125503,0.8606174454409342,0.8857395789381054,0.0035808462222187,0.001924939322230834
2.4,0.8381587192653361,0.8660120133341713,0.0055999074014843,0.0026652897560987656,0.8221827176062253,0.8494329629629781,0.0062853337776343,0.0037581792951566695,0.8541347209244471,0.8845000525594485,0.0026399575230319,0.0019426490505839113
2.41,0.8419108228947083,0.8650667805571777,0.0033139739650232,0.0026813552746910727,0.8244687410554413,0.8484538826615956,0.005781584216862,0.0038082915823716167,0.8593529047339754,0.8835137980243355,0.0029956643058967,0.0019687283599450264
2.42,0.8279760345515568,0.8636121113014639,0.0042748874610429,0.002720818239484097,0.8077076776645108,0.8468558492414188,0.0085978665420649,0.003926902821998123,0.8482443914386029,0.882130560237213,0.0031881600998472,0.001998926929030364
2.43,0.8389021321166238,0.8626430091742054,0.0031606669684924,0.002731710059715985,0.8077853924014682,0.8453235426962242,0.0049098945039402,0.003951244301200059,0.8700188718317794,0.8816555512171489,0.0030099568235925,0.0020239627086845718
2.44,0.8394176140405871,0.8617321341081591,0.0037299959773614,0.0027564285024948526,0.8108031849433968,0.8439696913207296,0.0051033622905879,0.003979771762212789,0.8680320431377775,0.8811212518543097,0.0033392403332976,0.002056530146657658
2.45,0.829182514886941,0.8604555771188102,0.0034196793197502,0.0027728500379511343,0.8092841742093289,0.8426093669803184,0.0047523513347308,0.003998900186200873,0.8490808555645531,0.8798646659769997,0.003413020398801,0.002090115710658699
2.46,0.8343297144904643,0.8594309553410349,0.0060249092691854,0.0028533628451049087,0.8155822078944767,0.84154939754755,0.0064353461441042,0.004059220460095396,0.853077221086452,0.8788140978179206,0.0038597002167828,0.002133926172262685
2.47,0.8177842429193559,0.8577976312479535,0.0045136771937831,0.002894465334463997,0.7896994266928887,0.8395159163506427,0.0070757259560621,0.004133896611119635,0.8458690591458231,0.8775220408395498,0.0030805778323007,0.002157361336702752
2.48,0.8273664429267648,0.8566041672903707,0.0052973512260561,0.0029539469759800904,0.8092391529542777,0.8383285086988467,0.0057159197855305,0.004173058410545786,0.8454937328992518,0.8762659403302411,0.0027497717270942,0.0021720260124557587
2.49,0.830314796017324,0.8555731418134667,0.0047911467767818,0.0029994226216565924,0.8083155110096641,0.8371514487785306,0.0054709962597449,0.004205185869799017,0.8523140810249838,0.8753265881903037,0.0034151884644951,0.0022027976330288735
2.5,0.8254740709952886,0.8543927093794547,0.0049337585197822,0.0030472997108704617,0.802600307293518,0.8357964139906655,0.0053948511409221,0.004234631484893787,0.8483478346970593,0.8742685290945589,0.0048095346185525,0.0022673174402319265
2.51,0.8268513938992876,0.8533125903484553,0.005146115886275,0.003099244773182968,0.8017040820192616,0.8344593763099498,0.0077429308733667,0.0043214608282544685,0.8519987057793138,0.8733951481553982,0.0026596022731973,0.0022770263705953536
2.52,0.8083772171669299,0.8515503131282857,0.0059766505956587,0.0031704555382812065,0.7851256823807914,0.832524605574944,0.0080731759718396,0.004414309220969362,0.8316287519530683,0.8717571519981479,0.0051335780631947,0.002347721032427117
2.53,0.8286488879266016,0.8506521662535582,0.0041650122242365,0.0031950676777261267,0.8018186419264531,0.8313203807267735,0.006585350765275,0.004468035648013427,0.8554791339267501,0.8711187615517529,0.0036102071585108,0.0023789635800076027
2.54,0.8171692914383866,0.8493390396193713,0.0064370683415258,0.003275292511964835,0.7960359586031412,0.8299366012658342,0.009634150783959,0.004595873601616303,0.838302624273632,0.869831782935702,0.0042114641390077,0.002424309669917351
2.55,0.8189654541060407,0.8481478552389767,0.0045131117433948,0.0033059212747552523,0.7923972378047991,0.8284643910328633,0.0075023522968651,0.0046677918948951486,0.8455336704072824,0.8688788650754045,0.0034087554160588,0.002448668925673758
2.56,0.816434044542174,0.8469041128069215,0.0051396188538953,0.0033512921357859824,0.7944467243702532,0.8271302966891625,0.0060169534399626,0.004701173964908005,0.8384213647140948,0.8676843922340338,0.0042939476223664,0.00249432633628662
2.57,0.825448147598312,0.846062661077728,0.0038362062995807,0.0033632896653075606,0.8006876164944301,0.8260932779040351,0.0043507672812577,0.004692504359345747,0.850208678702194,0.8669990364727207,0.0033913096316293,0.002516519096098007
2.58,0.8198613042751595,0.8450351083991698,0.0062275858638555,0.0034341532447326154,0.7958637045688177,0.824907748494763,0.0062588111765225,0.0047312552774942535,0.8438589039815011,0.8660915374717065,0.0041369715600557,0.0025566095943999655
2.59,0.8122826597979442,0.8437506404130656,0.0053082148764617,0.003480515843179526,0.7973905449480456,0.823828593545061,0.0061474622253429,0.0047662909630497245,0.827174774647843,0.8645653207122002,0.0041257560039737,0.0025954288646202078
2.6,0.8127291876166853,0.8425340598564639,0.0074681859728341,0.0035791625043894706,0.7880593323225273,0.8224258163117389,0.008549365813661,0.004859876362791011,0.8373990429108432,0.863499930074782,0.0031370690894029,0.0026088279167018912
2.61,0.8020810997822927,0.8409476028671525,0.005761480477159,0.0036331459963983067,0.7847347049093619,0.8209476716466866,0.0106904347377094,0.005004105528919361,0.8194274946552235,0.861771526934959,0.0042778064168176,0.0026501130495964233
2.62,0.8167629328747552,0.8399991462969164,0.0043785483817899,0.0036515840045412604,0.7930639239472557,0.8198541473721505,0.0072753925214513,0.005060287275696692,0.8404619418022549,0.8609358233245944,0.0035951744472701,0.002673489752015674
2.63,0.8218955454179504,0.8392891737347014,0.0053562344267764,0.0036937477634925433,0.8006930433247501,0.8191027024951697,0.0074219686190838,0.0051187023979900655,0.8430980475111508,0.860236275677518,0.0042137984310127,0.002711588592109025
2.64,0.8135116932625464,0.8382782546224536,0.0048983018080189,0.0037235405774424146,0.7893192672199324,0.8179346812845376,0.0064711778610929,0.0051521538234591754,0.8377041193051602,0.8593526289013493,0.0042242158474672,0.0027490011288060488
2.65,0.8045153382624406,0.8369541714645178,0.0053814357728529,0.0037645443687189407,0.7851258638298781,0.8166480151043923,0.00633063723224,0.00518130059211516,0.8239048126950032,0.8579624688830632,0.00353138621468,0.002768351419975147
2.66,0.8080540404911245,0.8358207941592118,0.0069301314858267,0.0038428338418299815,0.7832983485131955,0.8153401402269814,0.0081534178488749,0.005254805280328747,0.8328097324690534,0.856976053262863,0.0038562792295005,0.002795257422507912
2.67,0.8144645653570508,0.8349832674176344,0.0053471426041508,0.003880036047219176,0.7910347944087754,0.8143869580301335,0.0064227390052634,0.005283688785766123,0.8378943363053261,0.856227726000817,0.0040966858766177,0.0028274423102529244
2.68,0.8127930010088278,0.8341130333656667,0.0047580709284393,0.0039017493806229892,0.7889411360301086,0.8133890510930656,0.0066438011614831,0.005317323637993813,0.8366448659875471,0.8554597464144295,0.003700520482727,0.0028490330668982395
2.69,0.7998896444094395,0.8327708988932363,0.0077860417935473,0.003997802195945283,0.7781175763363579,0.8120058139675727,0.0097660823989527,0.005427334872538876,0.8216617124825212,0.8541342930381315,0.0046802313927653,0.002894315897312282
2.7,0.7981763428064084,0.8314142100216142,0.0076639136020835,0.004088456347980253,0.770785501630643,0.8103892839305362,0.0084012568004036,0.005500872837080103,0.8255671839821738,0.853013981540179,0.0042148827732063,0.0029269703524221844
2.71,0.8010420558602334,0.8302231117380818,0.0065486100822243,0.004149287851033568,0.7727094024548155,0.8089116000655406,0.0080311668649009,0.005563438678692625,0.8293747092656512,0.8520869252477431,0.0055635216758381,0.0029921635871571193
2.72,0.8011804367785719,0.8290841526095344,0.0053815248398783,0.004179755938212815,0.7769359448194263,0.807657619001998,0.0072228918481165,0.005604470042215714,0.8254249287377174,0.851041328574822,0.0047303243755816,0.0030351410621986016
2.73,0.8044226061495843,0.8281170080949991,0.0050827112586937,0.004202081491841481,0.7763521573039203,0.8064299220444915,0.0117863145455202,0.005757316033431639,0.8324930549952484,0.8503139264601283,0.0032034884255441,0.0030393034476493153
2.74,0.8084142457725454,0.8273443315242004,0.0058058288405609,0.004241732782214732,0.7915926781766016,0.8058480548664624,0.0066697702914812,0.005779875689581419,0.8252358133684892,0.8493304465749922,0.0036003579035266,0.003053175042301029
2.75,0.8115355641991542,0.826724365044038,0.0071071984311462,0.004312576662257774,0.7890093172381532,0.8051876964284418,0.0086342508766068,0.005850445376369626,0.8340618111601552,0.8487316622447287,0.0037093144332149,0.003069396999217089
2.76,0.7982651064071975,0.8256082900521232,0.0053190901028112,0.004337460239939143,0.7709177527533394,0.8038437462012705,0.0076671929038841,0.0058953600058290045,0.8256124600610555,0.8478250060412247,0.004810403484778,0.0031124391170683934
2.77,0.8119469923175148,0.8250725410637156,0.0048006689403674,0.004348911582477023,0.788981417134113,0.8032608969055598,0.0077985671291408,0.00594241066931919,0.8349125675009166,0.8473186247280995,0.0033170167991167,0.003117496641053964
2.78,0.7830599210175535,0.823424952404938,0.0065275551167294,0.004402769885345103,0.7570351690980192,0.8014480848315743,0.0089421394078847,0.006016567040650118,0.809084672937088,0.8458192222799327,0.0042613693829364,0.003145774348538583
2.79,0.8071962883451531,0.8227885212423218,0.006760517612739,0.004461054098421401,0.7852097641210072,0.8008112749690562,0.0068908611615313,0.006038179846906163,0.8291828125692989,0.8451668007660672,0.0061872558090104,0.0032209606593767205
2.8,0.79396438851576,0.821658140973156,0.0063653094462481,0.004508126485295431,0.7680774645327944,0.7995275710046463,0.0103349708881088,0.006144394704298682,0.8198513124987257,0.844174017090209,0.0057810537540339,0.0032842450779935676
2.81,0.7819583850506979,0.8201012585244035,0.006762393014709,0.004563849428106373,0.7553650046034068,0.7977956730892978,0.0119023866378492,0.006286725813345745,0.8085517654979889,0.84277703977888,0.0049196400682461,0.003324670209771952
2.82,0.7834479680286324,0.8186638486145614,0.0066195542842568,0.004614662750372901,0.7612324376430872,0.7963617948138306,0.0078809097384987,0.0063261311692744205,0.8056634984141774,0.8413215804892669,0.0032771070393008,0.0033234945338465214
2.83,0.7845423951005053,0.817325729171354,0.0067164928098454,0.004666614810148555,0.7560044960167035,0.7947791281735154,0.0110959228216139,0.006444028665279376,0.813080294184307,0.8402140598412883,0.004405658281693,0.0033502429550434647
2.84,0.7848104603518598,0.8160505993245801,0.0064479540189778,0.004710643973258231,0.7647071041977449,0.7935998134479543,0.0095897108182219,0.00652178014120076,0.8049138165059747,0.8388297134861921,0.0052682841925818,0.0033976509669931725
2.85,0.794209357321169,0.8151940663059216,0.0058923583039588,0.004739851529252541,0.774477077641607,0.792849890223686,0.0082286643108606,0.0065639679303016885,0.8139416370007311,0.837853694847812,0.0050045656137873,0.003437367883598974
2.86,0.7940444553643788,0.8143646570297809,0.0072884304159258,0.004802841293504647,0.7718695680437591,0.7920271198247152,0.0081810372103679,0.006603934836275571,0.8162193426849987,0.8370052758193613,0.0061348591839947,0.003504038113809438
2.87,0.7775627713933873,0.8129214244813164,0.0056148297223923,0.004822909621755934,0.7401597134154079,0.7899930738012604,0.0075691049330585,0.006627789055906632,0.8149658293713667,0.8361409710177501,0.0049016552912324,0.003538580281269367
2.88,0.7773797858954032,0.8115276149253049,0.0071071931280164,0.004879364447829044,0.747641406913759,0.7883322005165884,0.010807484333589,0.006731087954354858,0.8071181648770474,0.8350028055827661,0.0052484021038767,0.003580837598868848
2.89,0.7754976959294768,0.8101146576332516,0.0076538825485617,0.004947933571753457,0.750751825015453,0.7868584401784489,0.0098060405535501,0.006807081982211529,0.8002435668435006,0.833639679569395,0.0066115120215603,0.003655737340921063
2.9,0.7739277182629334,0.8086955433552416,0.0076344009950499,0.005014325125612995,0.7487616443493295,0.7853644285861925,0.0095169741387924,0.006874052439216518,0.7990937921765373,0.8322849211151352,0.0032606777044687,0.003645974102065528
2.91,0.7861699988131481,0.8078121775334629,0.0065215727918163,0.005051573415008389,0.7714345025015747,0.784818150089792,0.0100778258855001,0.006953226607576685,0.8009054951247214,0.8310543398798995,0.0049482097713583,0.0036781559738033064
2.92,0.7870792045783628,0.8069991099245712,0.0069040194949897,0.00509735153807233,0.7648690969340515,0.7840358248060947,0.0078663110499299,0.006975790984711072,0.809289312222674,0.8302007990474755,0.0049436067346533,0.0037094281178552038
2.93,0.7905801243767736,0.8063552206468982,0.0076040041498763,0.005159295286347214,0.7628218865449266,0.7832038959793216,0.0112345099705382,0.00708103134214604,0.8183383622086208,0.8297356000334818,0.0036497598340127,0.0037079536107228915
2.94,0.7755149709267379,0.8051457855696033,0.0062184129294954,0.005185467393007532,0.7415491942176478,0.7815703600027339,0.0074461421727734,0.0070900536822645676,0.8094807476358281,0.828941283217067,0.0038871577119313,0.003712381965666401
2.95,0.7734728221671237,0.803903695233247,0.0075590840701937,0.005244121230345707,0.7533303841217496,0.7804628980739282,0.0112260314363526,0.0071922567754405765,0.7936152602124977,0.8275559341027988,0.0045914617126561,0.0037341046814624245
2.96,0.763918190862378,0.8023356200574618,0.0113015435232836,0.0053938017483725256,0.7395316486041748,0.7788577344723369,0.0133648339759322,0.007344782801900257,0.7883047331205811,0.8260166554354823,0.0053031391779095,0.0037728759417234026
2.97,0.7763193793631497,0.801315365209279,0.0071547265326065,0.00543731384600826,0.7506649473485836,0.7777521240159774,0.008422080327773,0.007371402607327609,0.8019738113777157,0.825073789457947,0.0048154315642267,0.0037986372816983987
2.98,0.7727258916924951,0.8001941987054579,0.0096921737015715,0.005542448639408846,0.7583885208992731,0.7769927597977104,0.0099319354621614,0.0074346716929912385,0.7870632624857171,0.8235831663581953,0.0068151465208447,0.003873173244436148
2.99,0.7707083827598018,0.7990378816152656,0.006725227366249,0.005571673799541066,0.7428679527230548,0.7756545198218295,0.0089021705429024,0.007470931973895241,0.7985488127965489,0.822601418017956,0.0062010821676123,0.003930693310961864
3.0,0.7502324145740862,0.7971239249018387,0.0074557706131576,0.005618226940876185,0.7117381455983915,0.7731479733023663,0.0106112721706853,0.007548524961667935,0.7887266835497809,0.8212729853774855,0.007028478692451,0.004007234834543931
3.01,0.76942838907916,0.7960378162821543,0.0072595303805789,0.00565878033670944,0.746051416839209,0.7720853542677744,0.0078479291903332,0.007555922654200288,0.7928053613191112,0.8201565985319774,0.0056929169933568,0.004048884741673704
3.02,0.758086161740823,0.7945495040235907,0.009716944168905,0.005759047949897906,0.7290888417141383,0.7703992028342612,0.0130037262135976,0.007690524972541108,0.7870834817675075,0.8188596030332473,0.0062037998326355,0.0041021275878792614
3.03,0.7692411517301097,0.7935570118798914,0.0075281292586624,0.005802757046247737,0.7428144667318599,0.7693174400410863,0.0130292464848536,0.0078224299855049,0.7956678367283595,0.8179501149089636,0.0059004826976283,0.004146559958722707
3.04,0.7645948099482267,0.7924212307449879,0.0078397829831573,0.005853085513040758,0.7401589765184049,0.768173962315533,0.0101809841964134,0.007880702398797457,0.7890306433780486,0.8168160094886061,0.004806350063644,0.004162861284976939
3.05,0.7685118979364406,0.7914836031006255,0.0071121525108921,0.005884192594023221,0.7378769128173395,0.7669858341741249,0.0096666980638606,0.00792482801870669,0.7991468830555417,0.8161230975814426,0.0057844418115063,0.004202924789813788
3.06,0.7589355754494674,0.7902072010310247,0.0074671457993524,0.005923301164336451,0.7275781608896168,0.765440424532791,0.0096560837251435,0.00796760056264382,0.7902929900093181,0.8151101451802577,0.005249507421997,0.004228781745232019
3.07,0.7433656360335547,0.7883702647063496,0.0104132768695378,0.006034229235167951,0.7139463629905415,0.7634210361507605,0.0149051970019224,0.008138998859593434,0.7727849090765678,0.8134503209695696,0.0090557189193211,0.0043480346908829895
3.08,0.7564565343698035,0.7871187378789111,0.0095856482075187,0.006121968328732134,0.7297686511853562,0.7621013263535243,0.0124707446859672,0.008246016211056445,0.7831444175542509,0.8122618465808329,0.0066149646837195,0.004404040018413601
3.09,0.7601482076268274,0.7860610635377043,0.0070368709452811,0.006144571013103739,0.731040500772658,0.7608832472899493,0.0146635980057121,0.008404562676122539,0.7892559144809969,0.8113596476307154,0.0052849515804387,0.004425802953217367
3.1,0.7706177046978142,0.7854554380529651,0.0043148246177458,0.006099367715362615,0.7408043322816233,0.760095834217377,0.0098029094843488,0.008439108385450325,0.8004310771140052,0.8109310737119646,0.0038173121709102,0.004410770383635516
3.11,0.7495715539717758,0.7840482189438771,0.0083629584399606,0.006155288253158529,0.7289798575447157,0.7588755929282057,0.0136106739078582,0.00856686855080054,0.7701632503988359,0.8093323264896081,0.0048390956353015,0.004421351880619246
3.12,0.7379840720271149,0.7822417719816837,0.0088632168035035,0.006222184999045534,0.7132170249953725,0.7570850511107395,0.0134276915964417,0.008686950465090536,0.7627511190588572,0.8075056025341937,0.0080137619316574,0.0045100988832961104
3.13,0.7550939853955243,0.7811771473347948,0.0080449424366964,0.006267213881380367,0.7367470001454947,0.756287476315514,0.0106501414166155,0.008735448577088894,0.773440970645554,0.8061697276340154,0.0058541885812573,0.004543302893663479
3.14,0.76563154525669,0.7805675128189978,0.0072339134728664,0.006291094658561263,0.741741876505496,0.7557170577718895,0.0102733434982182,0.008773439827175867,0.789521214007884,0.8055168414677407,0.007082654206871,0.004606033532456347
3.15,0.7547476424096256,0.7795549639954978,0.0084320342293089,0.006343982530942578,0.7320909385287812,0.7547905388210122,0.0111804373475939,0.008832900159182134,0.7774043462904701,0.8044143853567658,0.0052441558253947,0.004621797139637848
3.16,0.7406334571205129,0.7780286233162939,0.0103100664995655,0.006441956000142993,0.7202264113551715,0.7534350765579052,0.0117257418325839,0.008904361514219736,0.7610405028858541,0.8027134409035358,0.0064832878503361,0.0046677812146736514
3.17,0.7447671466234165,0.7767242458712048,0.0083115247772601,0.0064881390967460335,0.7106543246002732,0.7517573925376573,0.011719128766834,0.008973893413518468,0.7788799686465597,0.801778790769472,0.0064854209325581,0.0047126815316387355
3.18,0.7348460302443416,0.7750819558770828,0.0122434613328981,0.0066303085820703265,0.7171570515628614,0.7504005106140715,0.0148653475455349,0.0091194256647796,0.7525350089258219,0.7998476538052056,0.0069910624750227,0.004768962697627826
3.19,0.7535478061184397,0.7742374759436411,0.0084842795063888,0.006676105360589065,0.7260302299536412,0.749444809403634,0.0103247786097934,0.009149200285910725,0.7810653822832383,0.7991110911090913,0.006142495749557,0.004802891702739106
3.2,0.7393069105716901,0.7728676444390535,0.0132891008158493,0.006839457796782369,0.7085849478309116,0.7478424555608202,0.0163464072084235,0.009326983756734769,0.7700288733124685,0.7979706074742893,0.0053512503950297,0.004816437111759793
3.21,0.7497393498082476,0.771960649050143,0.0084977696810647,0.006880420546287389,0.7265690611464569,0.7470082016329669,0.009393015611041,0.009328614840931256,0.7729096384700385,0.796987820645804,0.0083087624820074,0.00490270269948631
3.22,0.7451611623604375,0.7709096849551812,0.008931774325465,0.006931091497686696,0.7171567163190927,0.7458375508809801,0.0106874198320908,0.009362178988845218,0.7731656084017824,0.7960536128372402,0.0077513910733082,0.004973068792164662
3.23,0.7431315805189528,0.7698203437095237,0.008427388504047,0.006968051502127501,0.7093078590953376,0.7444050089289326,0.011098463866245,0.009405066929211616,0.776955301942568,0.7953046568446627,0.0073022940769556,0.005030602942472772
3.24,0.7313391193254237,0.7683112710065454,0.0087596148353727,0.007012304448740236,0.7101744144877807,0.74306262815741,0.0087703826403785,0.0093893897552996,0.7525038241630666,0.7936261871676109,0.0052976167888702,0.005037198383041475
3.25,0.7237238218133337,0.7665627379318536,0.0098586854237227,0.007082611515635271,0.6842785934625005,0.7407573644388584,0.0119740783514842,0.009453232886500932,0.7631690501641669,0.7924317857749641,0.0073383882011317,0.005094038949325697
3.26,0.7217646414467669,0.7648059443751581,0.0098080370029821,0.007149930303857299,0.6876692262245633,0.7386754701962565,0.0146716890314849,0.009582130244253355,0.7558600566689704,0.7909975958630778,0.0055848651999361,0.005106162497950327
3.27,0.7444163351068901,0.7640063494675313,0.009912723142182,0.007218171467089039,0.7227429471747786,0.7380506635064369,0.0139007441631386,0.00968880028960942,0.7660897230390016,0.7900208136203233,0.0063832476191339,0.005137706583705363
3.28,0.7313360106662457,0.762725156035443,0.0097842623444281,0.007281553527181602,0.7050314321326461,0.7367557879734338,0.0103355732016393,0.009704775483605288,0.7576405891998451,0.7887509972554121,0.0062310772660886,0.005164712675697757
3.29,0.7534056473325166,0.7623596840986525,0.0086745273764666,0.007315959480316206,0.7234461118323124,0.736233838450942,0.0116384459345319,0.009752536448354552,0.7833651828327206,0.7885397882645737,0.0074057790505288,0.005220066209221413
3.3,0.7316852907904734,0.761156763528705,0.0106280878510531,0.007397767182401916,0.6966851620388467,0.7346829058573504,0.0112801294964085,0.00979026713478794,0.7666854195421,0.7876827519276083,0.0085722009599278,0.005302862046321147
3.31,0.7321534238774696,0.7600193747663525,0.0107558487946878,0.007480709233639461,0.708892997902889,0.7336715343448887,0.0123206505741401,0.009852765673271799,0.7554138498520502,0.7864173015679071,0.0065312513331916,0.005333202323579003
3.32,0.7319879379814282,0.7589201000485369,0.0099825547030026,0.00754250241923582,0.701151501101648,0.7323962358062835,0.0117148089063127,0.009898756356747957,0.7628243748612084,0.7854920864943117,0.006736613306111,0.005367865229970918
3.33,0.7251209321522243,0.7575946393711147,0.0126294857808963,0.0076681450680582,0.6955918473633207,0.7309529230659412,0.0152681572006417,0.01003137439314659,0.7546500169411279,0.7842825907301415,0.0068054109264911,0.005403370958272543
3.34,0.715606367205952,0.7559480367472597,0.0091647696487457,0.007705109699962623,0.6728926159002266,0.7286760431375452,0.0156366353961021,0.01016981686721533,0.7583201185116774,0.7832644522673696,0.0046372313905303,0.0053844483323351846
3.35,0.7101556790956987,0.7541522541227,0.0145714340020087,0.007874697516834792,0.6759011699652043,0.7266064357812837,0.0166702089548286,0.010330366712293716,0.7444101882261931,0.7817407523350335,0.00728487641605,0.005431386029371096
3.36,0.7156958931939452,0.7526441583960304,0.0142970287008589,0.008033318245057347,0.6852537443380697,0.7249847582292309,0.0144439823602423,0.01043196606788728,0.7461380420498208,0.7803445647098326,0.0093740263507981,0.005528762583302173
3.37,0.722880831565987,0.7514769667727617,0.0087192013435388,0.008050258280859519,0.6886809334875091,0.7235610759784825,0.0163739578249016,0.010578722203623653,0.7570807296444649,0.779432255626629,0.0086506444819838,0.0056058672550033765
3.38,0.7106651767750354,0.7498765013426177,0.0116876915712805,0.008140095503124192,0.673250031687444,0.7215880900558673,0.0148984969729019,0.010685411876009661,0.7480803218626266,0.7782027656640412,0.0086661965369128,0.005681451179147361
3.39,0.7222846794013944,0.7487944671107367,0.0103900326088687,0.008195664017247658,0.6849007662922326,0.7201493688190851,0.0114728565252371,0.010704860032582716,0.7596685925105561,0.777475934001587,0.0088183911568504,0.005758926719690427
3.4,0.7150486594253649,0.7474710997546208,0.0113758220770868,0.008274206443097006,0.6948786795112571,0.7191583596363054,0.0137632220859328,0.010780394383478425,0.7352186393394726,0.7758187822500272,0.0085884392035709,0.005828809024366261
3.41,0.7112470111391536,0.7460505448374282,0.0117200842382296,0.008359310986215176,0.6820212168363566,0.7177019986116023,0.0127125769839332,0.010828114449948818,0.7404728054419505,0.7744326631487104,0.0088753201756619,0.005904050212548167
3.42,0.7047055853615288,0.7444291712210933,0.0123385191753042,0.008457586850134521,0.6677493498632181,0.7157430680001482,0.0177737317213013,0.010999652732280197,0.7416618208598396,0.773147529972967,0.0082106494218119,0.00596101708113967
3.43,0.7127414545353409,0.7431865137086339,0.0096741600230627,0.008487632793578372,0.6794278427452186,0.7143189392777406,0.0104774007129022,0.01098675457293652,0.7460550663254631,0.7720850787456831,0.0073480835382855,0.005995273730268268
3.44,0.715601836318003,0.7421047600180131,0.0108811889512085,0.008546746568938524,0.6805768735517134,0.7129957190126852,0.010966265643469,0.010986248556827371,0.7506267990842928,0.7712435763097704,0.0079828568634789,0.006044361169671643
3.45,0.72864562979514,0.7415769502226901,0.011061590828176,0.008608855449067905,0.7023861609194173,0.7125796573063977,0.0111756041324225,0.010990925054269815,0.7549050986708629,0.770602850765424,0.0084737627298917,0.00610435987922815
3.46,0.7099614985964685,0.7403371268593196,0.0109219994642805,0.008665982639481816,0.6772022758282068,0.7111923070761973,0.0146933763887975,0.011082363650827046,0.7427207213647302,0.7695094323996137,0.0082198718730193,0.006156606196663388
3.47,0.715457824357711,0.7393614666289455,0.0092056289240444,0.008679310088593078,0.6910290017431571,0.7104015881593361,0.0101459242522523,0.011059236745690653,0.739886646972265,0.7683477529814509,0.0084915004852719,0.006214270236427567
3.48,0.7153669301274075,0.7384205032004966,0.012002470098244,0.008761380536078852,0.6862770821905936,0.7094555278824674,0.0125426278620701,0.011095871326139421,0.7444567780642214,0.7674108507968365,0.0063685574771489,0.006218080592489439
3.49,0.7066583084272616,0.7371749253925464,0.009305568976013,0.0087748200209818,0.6810518127019142,0.7083416553196666,0.0143511675456202,0.011176265360973452,0.7322648041526091,0.7660325727511983,0.0089584930642509,0.00628575886225671
3.5,0.6963887640130852,0.7355754661806899,0.0121620709670571,0.008858472439821614,0.6618009997579215,0.7065165294008161,0.0155952205592179,0.011285397012853636,0.7309765282682489,0.7646578242732074,0.0093898941775415,0.006362419384805395
